kW,V
0.0,421.0
0.0,421.0
0.0,421.0
0.0,421.0
0.0,421.0
0.0,421.0
0.0,421.0
0.0,421.0
0.0,421.0
0.0,421.0
0.0,421.0
0.0,421.0
0.0,421.0
0.0,421.0
0.0,420.0
0.0,421.0
0.0,421.0
0.0,421.0
0.0,421.0
0.0,421.0
0.0,421.0
0.0,421.0
0.0,421.0
0.0,421.0
0.0,421.0
0.0,421.0
0.0,421.0
0.0,421.0
0.0,421.0
0.0,421.0
0.0,421.0
0.0,421.0
0.0,421.0
0.0,421.0
0.0,421.0
0.0,421.0
0.0,421.0
0.0,421.0
0.0,420.0
0.0,420.0
0.0,420.0
0.0,421.0
0.0,421.0
0.0,420.0
0.0,421.0
0.0,420.0
0.0,420.0
0.0,420.0
0.0,421.0
0.0,421.0
0.0,420.0
0.0,421.0
0.0,421.0
0.0,420.0
-0.0,421.0
-0.42,420.0
-0.42,420.0
-0.42,420.0
-0.42,420.0
-0.42,420.0
-0.0,420.0
-0.42,420.0
-0.0,420.0
-0.42,420.0
-0.0,420.0
-0.0,420.0
-0.0,419.0
0.0,419.0
0.0,419.0
0.0,419.0
0.0,419.0
0.0,419.0
0.0,419.0
0.0,418.0
0.419,419.0
0.419,419.0
0.418,418.0
0.418,418.0
0.418,418.0
0.836,418.0
0.419,419.0
0.418,418.0
0.418,418.0
0.836,418.0
0.418,418.0
0.836,418.0
0.836,418.0
0.836,418.0
0.836,418.0
0.836,418.0
0.836,418.0
0.836,418.0
0.836,418.0
0.836,418.0
0.836,418.0
0.836,418.0
0.836,418.0
0.836,418.0
0.836,418.0
0.836,418.0
0.836,418.0
0.836,418.0
0.836,418.0
0.836,418.0
0.836,418.0
0.836,418.0
0.836,418.0
0.836,418.0
0.836,418.0
0.836,418.0
0.834,417.0
0.834,417.0
0.834,417.0
0.836,418.0
0.836,418.0
1.251,417.0
0.834,417.0
1.251,417.0
1.251,417.0
1.251,417.0
1.251,417.0
1.251,417.0
1.251,417.0
1.251,417.0
0.836,418.0
0.836,418.0
0.836,418.0
0.836,418.0
1.251,417.0
0.834,417.0
1.254,418.0
1.251,417.0
1.251,417.0
1.251,417.0
1.251,417.0
1.251,417.0
1.251,417.0
1.251,417.0
0.836,418.0
0.836,418.0
0.834,417.0
0.836,418.0
1.251,417.0
0.836,418.0
1.251,417.0
1.251,417.0
1.254,418.0
1.251,417.0
1.251,417.0
0.834,417.0
1.251,417.0
0.834,417.0
1.251,417.0
0.834,417.0
0.836,418.0
0.836,418.0
0.834,417.0
0.834,417.0
0.834,417.0
0.836,418.0
0.836,418.0
0.834,417.0
0.834,417.0
0.836,418.0
0.834,417.0
0.836,418.0
0.836,418.0
0.834,417.0
0.834,417.0
0.834,417.0
0.836,418.0
0.836,418.0
0.834,417.0
1.251,417.0
1.251,417.0
1.248,416.0
1.668,417.0
1.664,416.0
1.664,416.0
1.664,416.0
1.664,416.0
1.664,416.0
1.251,417.0
1.251,417.0
0.834,417.0
0.834,417.0
1.251,417.0
1.251,417.0
1.251,417.0
1.251,417.0
1.251,417.0
1.251,417.0
1.668,417.0
1.664,416.0
1.248,416.0
1.251,417.0
0.834,417.0
0.834,417.0
0.834,417.0
0.836,418.0
0.836,418.0
0.836,418.0
0.836,418.0
0.836,418.0
0.836,418.0
0.836,418.0
0.836,418.0
0.836,418.0
0.834,417.0
0.836,418.0
0.834,417.0
0.834,417.0
1.251,417.0
1.248,416.0
1.251,417.0
1.251,417.0
1.251,417.0
1.251,417.0
1.251,417.0
1.251,417.0
0.834,417.0
0.834,417.0
0.834,417.0
0.836,418.0
0.836,418.0
0.834,417.0
0.834,417.0
0.834,417.0
0.834,417.0
0.834,417.0
0.834,417.0
0.834,417.0
0.834,417.0
0.836,418.0
0.836,418.0
0.836,418.0
0.836,418.0
0.836,418.0
0.836,418.0
0.836,418.0
0.836,418.0
0.836,418.0
0.836,418.0
0.418,418.0
0.836,418.0
0.836,418.0
0.836,418.0
0.836,418.0
0.836,418.0
0.836,418.0
0.836,418.0
0.836,418.0
0.836,418.0
0.836,418.0
0.836,418.0
0.834,417.0
1.251,417.0
0.834,417.0
0.836,418.0
0.834,417.0
0.834,417.0
1.251,417.0
1.248,416.0
1.664,416.0
1.66,415.0
2.075,415.0
2.075,415.0
2.07,414.0
2.075,415.0
2.075,415.0
2.075,415.0
2.075,415.0
2.075,415.0
2.07,414.0
2.075,415.0
2.07,414.0
1.66,415.0
1.66,415.0
2.075,415.0
2.075,415.0
2.075,415.0
2.07,414.0
2.484,414.0
2.484,414.0
2.484,414.0
2.484,414.0
2.484,414.0
2.484,414.0
2.484,414.0
2.484,414.0
2.484,414.0
2.484,414.0
2.484,414.0
2.484,414.0
2.478,413.0
2.478,413.0
2.478,413.0
2.478,413.0
2.891,413.0
2.484,414.0
2.484,414.0
2.484,414.0
2.478,413.0
2.484,414.0
2.484,414.0
2.478,413.0
2.891,413.0
2.891,413.0
2.891,413.0
2.891,413.0
2.891,413.0
3.296,412.0
2.884,412.0
3.304,413.0
4.11,411.0
4.51,410.0
4.51,410.0
4.51,410.0
4.51,410.0
4.1,410.0
4.51,410.0
4.51,410.0
4.499,409.0
4.92,410.0
4.908,409.0
5.304,408.0
5.712,408.0
5.698,407.0
5.698,407.0
6.496,406.0
6.496,406.0
6.885,405.0
6.868,404.0
7.657,403.0
7.676,404.0
7.657,403.0
7.657,403.0
7.657,403.0
8.04,402.0
8.04,402.0
8.04,402.0
8.04,402.0
8.442,402.0
8.442,402.0
8.442,402.0
8.822,401.0
8.822,401.0
8.844,402.0
9.2,400.0
9.223,401.0
9.6,400.0
9.6,400.0
9.6,400.0
9.6,400.0
9.576,399.0
9.576,399.0
9.576,399.0
9.576,399.0
9.576,399.0
8.822,401.0
8.822,401.0
8.8,400.0
8.822,401.0
8.442,402.0
7.638,402.0
7.657,403.0
7.272,404.0
6.48,405.0
4.884,407.0
2.06,412.0
-1.254,418.0
-0.836,418.0
-0.0,416.0
0.0,416.0
0.0,416.0
0.0,417.0
0.0,417.0
0.0,417.0
0.0,417.0
0.0,416.0
0.0,417.0
0.0,416.0
0.0,417.0
0.0,417.0
0.0,417.0
0.0,417.0
0.0,417.0
0.0,417.0
0.417,417.0
0.0,417.0
0.832,416.0
1.66,415.0
1.656,414.0
1.245,415.0
1.656,414.0
4.908,409.0
4.1,410.0
3.288,411.0
3.288,411.0
2.877,411.0
2.87,410.0
2.877,411.0
2.065,413.0
0.828,414.0
1.245,415.0
1.656,414.0
1.656,414.0
1.656,414.0
2.884,412.0
3.28,410.0
3.69,410.0
5.304,408.0
5.684,406.0
5.684,406.0
5.278,406.0
5.278,406.0
5.278,406.0
5.698,407.0
5.67,405.0
5.67,405.0
5.684,406.0
5.67,405.0
4.872,406.0
4.08,408.0
4.08,408.0
4.08,408.0
4.884,407.0
4.477,407.0
4.896,408.0
4.884,407.0
4.896,408.0
4.08,408.0
4.488,408.0
4.884,407.0
4.884,407.0
4.884,407.0
4.08,408.0
3.28,410.0
4.08,408.0
4.09,409.0
4.08,408.0
3.681,409.0
3.681,409.0
3.681,409.0
3.681,409.0
3.28,410.0
2.466,411.0
2.466,411.0
2.87,410.0
3.28,410.0
3.69,410.0
3.69,410.0
3.69,410.0
3.681,409.0
4.09,409.0
3.681,409.0
4.09,409.0
4.09,409.0
3.69,410.0
3.681,409.0
3.69,410.0
4.09,409.0
4.08,408.0
4.488,408.0
5.291,407.0
4.884,407.0
5.291,407.0
4.884,407.0
5.278,406.0
5.278,406.0
5.291,407.0
5.278,406.0
5.278,406.0
5.278,406.0
5.278,406.0
5.278,406.0
5.278,406.0
5.278,406.0
4.884,407.0
4.884,407.0
4.488,408.0
4.488,408.0
4.08,408.0
3.681,409.0
-0.834,417.0
-0.836,418.0
-0.416,416.0
0.0,416.0
0.0,416.0
0.0,416.0
0.0,416.0
0.0,416.0
-0.0,416.0
0.0,416.0
0.0,416.0
0.0,416.0
0.0,416.0
0.0,416.0
0.0,416.0
0.0,416.0
0.0,416.0
0.0,416.0
0.0,416.0
0.0,416.0
0.0,416.0
0.416,416.0
0.0,416.0
0.416,416.0
0.416,416.0
0.83,415.0
0.416,416.0
0.0,416.0
0.0,417.0
0.0,416.0
0.416,416.0
1.242,414.0
1.652,413.0
1.652,413.0
1.242,414.0
1.656,414.0
2.06,412.0
2.06,412.0
1.648,412.0
1.652,413.0
1.648,412.0
2.06,412.0
2.06,412.0
2.472,412.0
2.472,412.0
2.472,412.0
2.466,411.0
2.466,411.0
2.466,411.0
2.466,411.0
1.652,413.0
1.652,413.0
1.652,413.0
2.06,412.0
2.472,412.0
2.472,412.0
2.472,412.0
2.466,411.0
2.877,411.0
2.877,411.0
2.87,410.0
3.28,410.0
3.28,410.0
3.28,410.0
3.28,410.0
3.272,409.0
3.272,409.0
3.681,409.0
3.681,409.0
3.681,409.0
4.09,409.0
3.681,409.0
3.681,409.0
3.681,409.0
3.681,409.0
2.87,410.0
3.28,410.0
3.272,409.0
2.87,410.0
2.466,411.0
2.06,412.0
2.466,411.0
2.466,411.0
2.466,411.0
2.466,411.0
2.466,411.0
2.472,412.0
1.652,413.0
1.648,412.0
0.828,414.0
-0.417,417.0
-0.417,417.0
0.0,416.0
2.07,414.0
4.908,409.0
3.69,410.0
3.681,409.0
4.08,408.0
3.681,409.0
3.681,409.0
3.681,409.0
3.681,409.0
4.08,408.0
4.08,408.0
4.08,408.0
4.08,408.0
4.08,408.0
4.08,408.0
4.08,408.0
4.477,407.0
4.477,407.0
4.08,408.0
3.672,408.0
2.055,411.0
-0.834,417.0
-0.834,417.0
-0.0,416.0
0.0,416.0
0.0,416.0
0.415,415.0
2.065,413.0
2.472,412.0
1.652,413.0
1.239,413.0
2.466,411.0
2.877,411.0
4.09,409.0
4.08,408.0
4.08,408.0
5.67,405.0
5.278,406.0
5.67,405.0
5.67,405.0
5.67,405.0
5.265,405.0
5.265,405.0
5.252,404.0
5.265,405.0
5.656,404.0
5.656,404.0
6.06,404.0
5.656,404.0
5.656,404.0
4.86,405.0
4.466,406.0
4.884,407.0
5.278,406.0
5.656,404.0
5.67,405.0
5.67,405.0
5.656,404.0
5.67,405.0
6.06,404.0
5.656,404.0
5.67,405.0
4.872,406.0
4.477,407.0
4.872,406.0
4.872,406.0
4.884,407.0
4.477,407.0
4.884,407.0
5.265,405.0
5.278,406.0
6.06,404.0
6.045,403.0
6.06,404.0
4.466,406.0
4.477,407.0
5.67,405.0
5.656,404.0
6.06,404.0
6.06,404.0
6.464,404.0
6.448,403.0
7.619,401.0
7.619,401.0
8.02,401.0
8.0,400.0
8.0,400.0
8.4,400.0
8.379,399.0
8.379,399.0
8.379,399.0
8.778,399.0
7.6,400.0
8.756,398.0
8.756,398.0
9.154,398.0
9.528,397.0
9.552,398.0
9.528,397.0
9.528,397.0
9.528,397.0
9.528,397.0
9.504,396.0
9.154,398.0
9.154,398.0
8.756,398.0
8.379,399.0
8.756,398.0
8.756,398.0
8.4,400.0
7.98,399.0
6.817,401.0
7.218,401.0
7.6,400.0
7.6,400.0
7.619,401.0
7.218,401.0
7.218,401.0
7.218,401.0
7.218,401.0
7.218,401.0
7.218,401.0
7.218,401.0
4.466,406.0
-1.668,417.0
-0.832,416.0
0.0,414.0
0.0,414.0
0.0,414.0
0.0,414.0
0.0,414.0
0.0,414.0
0.0,414.0
0.414,414.0
0.0,414.0
0.414,414.0
0.414,414.0
0.826,413.0
0.414,414.0
1.236,412.0
2.87,410.0
1.648,412.0
0.826,413.0
0.826,413.0
1.236,412.0
1.236,412.0
0.0,414.0
0.414,414.0
0.0,414.0
0.414,414.0
0.828,414.0
1.648,412.0
2.06,412.0
2.46,410.0
2.055,411.0
1.644,411.0
1.644,411.0
1.644,411.0
2.055,411.0
2.05,410.0
2.87,410.0
2.863,409.0
3.672,408.0
3.672,408.0
3.663,407.0
4.07,407.0
4.872,406.0
4.466,406.0
4.86,405.0
4.466,406.0
4.466,406.0
4.07,407.0
3.663,407.0
3.663,407.0
4.06,406.0
4.07,407.0
4.466,406.0
4.466,406.0
4.872,406.0
4.466,406.0
4.466,406.0
4.872,406.0
4.872,406.0
5.656,404.0
5.656,404.0
5.656,404.0
5.265,405.0
5.252,404.0
5.265,405.0
5.252,404.0
5.252,404.0
5.656,404.0
5.656,404.0
5.265,405.0
4.86,405.0
4.86,405.0
4.86,405.0
4.86,405.0
4.07,407.0
4.07,407.0
2.454,409.0
3.264,408.0
3.672,408.0
3.663,407.0
3.672,408.0
3.264,408.0
3.264,408.0
3.672,408.0
4.07,407.0
4.466,406.0
4.466,406.0
4.872,406.0
4.872,406.0
4.86,405.0
4.86,405.0
5.656,404.0
6.045,403.0
6.432,402.0
6.448,403.0
6.834,402.0
6.834,402.0
6.432,402.0
6.817,401.0
6.817,401.0
6.817,401.0
6.432,402.0
6.045,403.0
6.432,402.0
6.432,402.0
6.432,402.0
6.416,401.0
6.448,403.0
6.432,402.0
5.642,403.0
3.256,407.0
-1.248,416.0
-0.83,415.0
-0.0,414.0
0.0,413.0
0.0,414.0
0.0,414.0
0.0,414.0
0.0,414.0
0.0,414.0
0.0,414.0
0.0,414.0
0.414,414.0
2.87,410.0
2.055,411.0
1.644,411.0
0.826,413.0
0.826,413.0
0.0,414.0
0.413,413.0
0.826,413.0
0.826,413.0
0.826,413.0
0.826,413.0
0.414,414.0
0.413,413.0
0.413,413.0
0.0,414.0
0.0,414.0
0.0,414.0
0.0,414.0
0.414,414.0
0.414,414.0
0.826,413.0
1.236,412.0
1.239,413.0
0.826,413.0
0.824,412.0
0.826,413.0
0.824,412.0
1.648,412.0
1.644,411.0
1.644,411.0
1.644,411.0
2.05,410.0
2.055,411.0
1.644,411.0
1.644,411.0
1.644,411.0
0.824,412.0
1.236,412.0
1.644,411.0
1.648,412.0
2.05,410.0
2.05,410.0
2.46,410.0
2.05,410.0
2.46,410.0
2.46,410.0
2.863,409.0
3.672,408.0
3.672,408.0
3.264,408.0
3.264,408.0
3.663,407.0
3.663,407.0
3.663,407.0
3.654,406.0
3.663,407.0
4.07,407.0
4.466,406.0
4.466,406.0
3.663,407.0
3.663,407.0
3.264,408.0
3.663,407.0
3.663,407.0
4.07,407.0
4.07,407.0
3.663,407.0
2.856,408.0
3.663,407.0
4.07,407.0
4.06,406.0
4.06,406.0
2.856,408.0
0.413,413.0
-0.415,415.0
0.0,414.0
0.414,414.0
-0.415,415.0
-0.0,415.0
0.0,415.0
0.0,414.0
0.0,415.0
0.0,414.0
0.0,414.0
0.0,415.0
0.0,415.0
0.0,414.0
0.0,415.0
0.0,415.0
0.0,415.0
0.0,415.0
0.0,415.0
0.0,415.0
0.414,414.0
1.648,412.0
2.466,411.0
3.272,409.0
2.46,410.0
1.236,412.0
1.644,411.0
1.648,412.0
1.644,411.0
1.644,411.0
2.055,411.0
1.644,411.0
1.236,412.0
1.236,412.0
1.236,412.0
1.236,412.0
1.648,412.0
1.648,412.0
1.648,412.0
1.648,412.0
1.648,412.0
1.648,412.0
1.644,411.0
1.236,412.0
1.648,412.0
1.648,412.0
1.644,411.0
2.46,410.0
3.681,409.0
4.477,407.0
4.07,407.0
4.08,408.0
4.07,407.0
4.477,407.0
4.86,405.0
4.86,405.0
5.252,404.0
5.252,404.0
5.252,404.0
5.252,404.0
4.86,405.0
4.455,405.0
4.466,406.0
4.466,406.0
4.455,405.0
4.86,405.0
4.466,406.0
4.86,405.0
4.872,406.0
4.86,405.0
4.848,404.0
5.656,404.0
5.642,403.0
5.642,403.0
5.252,404.0
5.252,404.0
5.252,404.0
5.656,404.0
5.252,404.0
4.86,405.0
4.86,405.0
5.252,404.0
4.86,405.0
5.252,404.0
5.642,403.0
5.656,404.0
6.03,402.0
6.432,402.0
6.432,402.0
6.432,402.0
7.2,400.0
8.358,398.0
7.96,398.0
7.98,399.0
8.358,398.0
8.358,398.0
8.379,399.0
8.337,397.0
8.358,398.0
8.756,398.0
8.358,398.0
7.98,399.0
8.358,398.0
7.6,400.0
7.98,399.0
9.108,396.0
8.358,398.0
8.358,398.0
8.734,397.0
8.734,397.0
9.108,396.0
8.734,397.0
9.875,395.0
9.875,395.0
10.244,394.0
10.244,394.0
10.244,394.0
10.27,395.0
9.108,396.0
9.108,396.0
8.734,397.0
8.734,397.0
8.734,397.0
8.337,397.0
8.358,398.0
7.96,398.0
7.96,398.0
8.358,398.0
8.358,398.0
8.337,397.0
8.358,398.0
8.358,398.0
8.358,398.0
8.358,398.0
8.358,398.0
8.337,397.0
6.03,402.0
-1.66,415.0
-1.245,415.0
-0.413,413.0
0.0,412.0
0.0,412.0
0.0,412.0
0.0,413.0
0.0,413.0
0.0,412.0
0.0,412.0
0.412,412.0
0.412,412.0
0.413,413.0
0.412,412.0
0.412,412.0
0.413,413.0
0.412,412.0
0.412,412.0
0.412,412.0
1.64,410.0
2.05,410.0
1.64,410.0
1.233,411.0
1.233,411.0
1.64,410.0
1.64,410.0
2.454,409.0
2.045,409.0
1.64,410.0
1.64,410.0
1.64,410.0
1.64,410.0
1.64,410.0
1.64,410.0
1.233,411.0
1.64,410.0
1.64,410.0
2.045,409.0
2.856,408.0
3.663,407.0
4.455,405.0
5.252,404.0
4.848,404.0
4.455,405.0
4.848,404.0
4.836,403.0
4.848,404.0
5.252,404.0
5.239,403.0
4.848,404.0
5.252,404.0
5.239,403.0
5.628,402.0
5.628,402.0
5.628,402.0
5.239,403.0
4.848,404.0
4.848,404.0
4.848,404.0
4.836,403.0
4.848,404.0
4.848,404.0
5.239,403.0
5.642,403.0
6.03,402.0
5.628,402.0
5.628,402.0
5.642,403.0
5.628,402.0
5.628,402.0
4.848,404.0
5.239,403.0
4.848,404.0
5.628,402.0
5.642,403.0
5.642,403.0
5.642,403.0
5.642,403.0
4.04,404.0
1.636,409.0
2.04,408.0
2.849,407.0
3.256,407.0
3.663,407.0
4.455,405.0
4.455,405.0
5.642,403.0
5.642,403.0
6.432,402.0
6.416,401.0
6.8,400.0
7.2,400.0
7.2,400.0
7.2,400.0
7.581,399.0
7.562,398.0
7.98,399.0
7.581,399.0
7.96,398.0
7.96,398.0
7.96,398.0
7.96,398.0
7.96,398.0
7.96,398.0
8.337,397.0
8.358,398.0
7.96,398.0
7.562,398.0
6.8,400.0
6.015,401.0
2.442,407.0
-1.242,414.0
-0.828,414.0
-0.0,412.0
0.0,412.0
0.0,412.0
0.0,412.0
0.0,412.0
0.0,412.0
0.0,412.0
0.0,412.0
0.0,413.0
0.0,412.0
0.0,412.0
0.412,412.0
0.0,412.0
0.0,413.0
0.0,413.0
0.0,412.0
0.0,413.0
0.412,412.0
0.412,412.0
0.412,412.0
0.412,412.0
0.0,412.0
0.0,413.0
0.0,413.0
0.0,413.0
0.0,413.0
1.644,411.0
1.64,410.0
1.64,410.0
1.64,410.0
2.05,410.0
2.045,409.0
2.045,409.0
2.454,409.0
2.849,407.0
3.256,407.0
2.849,407.0
2.849,407.0
2.856,408.0
2.448,408.0
2.448,408.0
2.849,407.0
2.856,408.0
2.448,408.0
2.04,408.0
2.045,409.0
2.045,409.0
2.04,408.0
2.454,409.0
3.256,407.0
2.448,408.0
2.448,408.0
2.856,408.0
2.856,408.0
2.856,408.0
2.856,408.0
2.849,407.0
2.849,407.0
3.248,406.0
3.256,407.0
4.05,405.0
4.06,406.0
4.06,406.0
3.645,405.0
3.654,406.0
3.654,406.0
4.06,406.0
3.654,406.0
3.256,407.0
2.849,407.0
2.856,408.0
2.045,409.0
2.448,408.0
2.454,409.0
2.04,408.0
2.454,409.0
1.64,410.0
0.412,412.0
-0.0,413.0
1.644,411.0
2.856,408.0
2.05,410.0
1.64,410.0
1.64,410.0
2.045,409.0
2.045,409.0
2.05,410.0
2.05,410.0
2.05,410.0
2.05,410.0
2.454,409.0
3.264,408.0
3.256,407.0
3.248,406.0
3.654,406.0
3.654,406.0
4.05,405.0
4.848,404.0
4.848,404.0
4.848,404.0
4.444,404.0
4.05,405.0
3.645,405.0
3.645,405.0
3.654,406.0
3.654,406.0
3.654,406.0
2.448,408.0
-0.414,414.0
-0.414,414.0
0.0,413.0
0.0,413.0
0.413,413.0
0.824,412.0
2.05,410.0
2.454,409.0
2.045,409.0
1.233,411.0
1.23,410.0
2.856,408.0
2.856,408.0
2.856,408.0
4.06,406.0
4.455,405.0
4.444,404.0
5.239,403.0
5.628,402.0
4.836,403.0
4.836,403.0
3.645,405.0
4.05,405.0
4.04,404.0
4.444,404.0
4.444,404.0
4.848,404.0
4.848,404.0
4.848,404.0
4.444,404.0
4.444,404.0
4.05,405.0
4.04,404.0
4.05,405.0
4.05,405.0
4.05,405.0
4.455,405.0
4.444,404.0
4.848,404.0
4.848,404.0
4.836,403.0
4.836,403.0
4.848,404.0
4.848,404.0
4.836,403.0
4.433,403.0
4.05,405.0
4.455,405.0
4.444,404.0
4.836,403.0
5.226,402.0
4.836,403.0
6.03,402.0
6.03,402.0
5.628,402.0
5.628,402.0
6.015,401.0
6.03,402.0
6.03,402.0
6.03,402.0
6.416,401.0
6.416,401.0
6.4,400.0
6.8,400.0
5.628,402.0
6.015,401.0
5.614,401.0
5.239,403.0
5.226,402.0
5.628,402.0
5.628,402.0
5.628,402.0
6.015,401.0
5.614,401.0
5.628,402.0
5.239,403.0
5.628,402.0
5.628,402.0
5.628,402.0
6.015,401.0
6.015,401.0
6.015,401.0
6.03,402.0
6.015,401.0
6.416,401.0
6.4,400.0
7.182,399.0
7.581,399.0
7.94,397.0
8.358,398.0
9.108,396.0
8.712,396.0
8.734,397.0
8.712,396.0
8.337,397.0
7.94,397.0
7.562,398.0
7.94,397.0
8.316,396.0
7.562,398.0
7.562,398.0
7.164,398.0
7.94,397.0
7.94,397.0
7.96,398.0
7.94,397.0
7.562,398.0
6.8,400.0
4.824,402.0
0.0,411.0
-1.242,414.0
-0.412,412.0
0.0,411.0
0.0,411.0
0.0,411.0
0.0,411.0
0.0,411.0
0.411,411.0
0.0,412.0
0.412,412.0
0.82,410.0
2.045,409.0
1.636,409.0
1.23,410.0
1.23,410.0
0.822,411.0
0.822,411.0
1.23,410.0
1.64,410.0
1.636,409.0
2.04,408.0
1.636,409.0
1.632,408.0
2.04,408.0
2.448,408.0
2.448,408.0
2.04,408.0
2.04,408.0
1.23,410.0
1.23,410.0
1.23,410.0
1.64,410.0
1.636,409.0
1.632,408.0
1.636,409.0
2.849,407.0
2.849,407.0
2.849,407.0
3.248,406.0
3.645,405.0
3.248,406.0
2.849,407.0
2.849,407.0
2.849,407.0
2.842,406.0
2.849,407.0
3.248,406.0
3.256,407.0
3.248,406.0
3.645,405.0
3.654,406.0
3.645,405.0
3.645,405.0
3.654,406.0
3.645,405.0
3.645,405.0
3.645,405.0
4.05,405.0
4.444,404.0
4.444,404.0
4.836,403.0
5.239,403.0
5.614,401.0
6.015,401.0
5.628,402.0
6.015,401.0
6.015,401.0
6.015,401.0
6.4,400.0
6.015,401.0
5.614,401.0
4.824,402.0
4.824,402.0
4.836,403.0
4.444,404.0
4.04,404.0
5.239,403.0
4.04,404.0
4.04,404.0
3.645,405.0
4.05,405.0
4.444,404.0
4.05,405.0
4.04,404.0
4.04,404.0
4.444,404.0
6.03,402.0
6.03,402.0
5.614,401.0
5.628,402.0
5.614,401.0
5.628,402.0
6.416,401.0
6.015,401.0
6.015,401.0
6.4,400.0
6.416,401.0
6.4,400.0
6.4,400.0
6.4,400.0
6.4,400.0
6.4,400.0
6.0,400.0
5.614,401.0
5.628,402.0
5.614,401.0
5.226,402.0
5.628,402.0
5.614,401.0
5.628,402.0
3.24,405.0
-0.826,413.0
-1.242,414.0
-0.412,412.0
0.0,411.0
0.0,412.0
0.0,412.0
0.0,412.0
0.0,412.0
0.0,412.0
0.0,412.0
0.0,412.0
0.0,412.0
0.412,412.0
0.822,411.0
1.23,410.0
1.23,410.0
1.23,410.0
0.822,411.0
0.822,411.0
0.82,410.0
1.23,410.0
1.23,410.0
0.82,410.0
0.822,411.0
0.822,411.0
0.412,412.0
0.412,412.0
0.412,412.0
2.05,410.0
2.045,409.0
0.82,410.0
1.23,410.0
1.636,409.0
1.636,409.0
1.64,410.0
1.636,409.0
1.227,409.0
1.227,409.0
1.636,409.0
1.636,409.0
2.04,408.0
2.04,408.0
2.04,408.0
2.04,408.0
1.636,409.0
1.636,409.0
1.227,409.0
1.23,410.0
1.23,410.0
1.636,409.0
2.856,408.0
2.442,407.0
2.448,408.0
3.248,406.0
3.248,406.0
3.248,406.0
3.248,406.0
3.645,405.0
4.05,405.0
4.05,405.0
4.04,404.0
4.04,404.0
4.04,404.0
4.04,404.0
4.04,404.0
4.04,404.0
3.645,405.0
3.645,405.0
3.248,406.0
3.645,405.0
3.654,406.0
3.248,406.0
3.248,406.0
3.248,406.0
1.636,409.0
1.636,409.0
1.636,409.0
2.045,409.0
2.849,407.0
2.448,408.0
2.448,408.0
2.448,408.0
2.442,407.0
3.654,406.0
5.239,403.0
4.444,404.0
4.433,403.0
4.05,405.0
4.444,404.0
4.836,403.0
5.226,402.0
4.836,403.0
5.226,402.0
5.226,402.0
5.226,402.0
4.824,402.0
4.04,404.0
2.842,406.0
2.842,406.0
3.248,406.0
3.24,405.0
3.24,405.0
3.24,405.0
2.849,407.0
2.842,406.0
2.04,408.0
1.227,409.0
1.23,410.0
1.64,410.0
0.82,410.0
1.23,410.0
1.23,410.0
0.822,411.0
-0.0,412.0
0.0,412.0
1.64,410.0
2.448,408.0
2.448,408.0
1.636,409.0
2.448,408.0
2.448,408.0
3.248,406.0
2.849,407.0
4.05,405.0
4.848,404.0
4.04,404.0
4.04,404.0
4.04,404.0
4.444,404.0
4.444,404.0
4.04,404.0
4.444,404.0
4.444,404.0
4.836,403.0
4.433,403.0
4.433,403.0
4.444,404.0
4.444,404.0
4.836,403.0
4.848,404.0
4.836,403.0
4.444,404.0
4.836,403.0
4.444,404.0
4.433,403.0
4.04,404.0
3.636,404.0
3.24,405.0
3.24,405.0
3.645,405.0
4.04,404.0
4.444,404.0
4.848,404.0
4.824,402.0
5.226,402.0
5.226,402.0
5.614,401.0
5.226,402.0
5.628,402.0
5.614,401.0
5.628,402.0
5.614,401.0
5.614,401.0
5.614,401.0
5.614,401.0
5.614,401.0
5.614,401.0
5.614,401.0
5.226,402.0
5.628,402.0
5.614,401.0
5.614,401.0
5.614,401.0
5.213,401.0
5.226,402.0
5.226,402.0
5.614,401.0
6.384,399.0
7.164,398.0
7.164,398.0
8.337,397.0
9.48,395.0
9.085,395.0
9.085,395.0
9.062,394.0
9.085,395.0
9.456,394.0
9.456,394.0
9.456,394.0
9.456,394.0
9.062,394.0
8.69,395.0
8.668,394.0
8.69,395.0
9.062,394.0
9.456,394.0
10.192,392.0
10.218,393.0
10.557,391.0
10.218,393.0
10.192,392.0
9.432,393.0
9.062,394.0
9.062,394.0
9.062,394.0
9.062,394.0
9.062,394.0
8.69,395.0
6.766,398.0
4.422,402.0
0.41,410.0
0.818,409.0
1.224,408.0
0.818,409.0
0.818,409.0
0.818,409.0
0.41,410.0
0.41,410.0
0.41,410.0
0.0,410.0
0.818,409.0
1.632,408.0
3.248,406.0
4.444,404.0
4.433,403.0
3.636,404.0
3.232,404.0
3.636,404.0
4.433,403.0
4.422,402.0
3.232,404.0
3.627,403.0
3.232,404.0
2.43,405.0
2.03,406.0
2.436,406.0
2.835,405.0
2.842,406.0
3.24,405.0
2.835,405.0
2.842,406.0
2.436,406.0
2.43,405.0
2.842,406.0
3.24,405.0
4.04,404.0
3.636,404.0
4.422,402.0
4.03,403.0
4.422,402.0
4.04,404.0
4.03,403.0
3.636,404.0
4.03,403.0
4.04,404.0
4.422,402.0
5.213,401.0
5.213,401.0
4.824,402.0
4.03,403.0
4.03,403.0
4.433,403.0
4.824,402.0
4.812,401.0
4.824,402.0
5.213,401.0
6.0,400.0
7.543,397.0
7.164,398.0
7.146,397.0
6.766,398.0
6.766,398.0
7.164,398.0
7.164,398.0
5.6,400.0
5.97,398.0
6.0,400.0
5.586,399.0
5.6,400.0
5.213,401.0
5.213,401.0
5.213,401.0
5.213,401.0
4.824,402.0
5.2,400.0
5.213,401.0
4.422,402.0
4.03,403.0
4.03,403.0
4.422,402.0
4.422,402.0
4.824,402.0
4.422,402.0
4.422,402.0
4.422,402.0
4.824,402.0
4.824,402.0
4.824,402.0
4.824,402.0
4.824,402.0
4.812,401.0
4.812,401.0
5.226,402.0
5.213,401.0
4.812,401.0
4.824,402.0
5.6,400.0
5.614,401.0
6.0,400.0
6.0,400.0
6.0,400.0
6.0,400.0
6.0,400.0
6.0,400.0
4.812,401.0
4.422,402.0
4.422,402.0
3.232,404.0
-0.824,412.0
-0.824,412.0
-0.0,410.0
0.0,410.0
0.0,410.0
0.0,410.0
0.0,410.0
0.0,410.0
0.0,410.0
0.0,411.0
0.818,409.0
0.82,410.0
2.442,407.0
0.82,410.0
0.41,410.0
0.41,410.0
0.0,411.0
0.41,410.0
0.41,410.0
0.41,410.0
0.41,410.0
0.41,410.0
0.41,410.0
0.0,411.0
0.0,411.0
0.0,411.0
0.0,411.0
0.82,410.0
1.23,410.0
0.82,410.0
0.82,410.0
0.82,410.0
0.82,410.0
0.82,410.0
0.82,410.0
0.82,410.0
0.82,410.0
1.636,409.0
1.227,409.0
1.227,409.0
1.632,408.0
1.632,408.0
1.632,408.0
1.224,408.0
1.227,409.0
1.227,409.0
1.23,410.0
0.82,410.0
1.227,409.0
1.636,409.0
1.632,408.0
2.04,408.0
2.035,407.0
2.035,407.0
2.035,407.0
2.436,406.0
3.24,405.0
3.24,405.0
2.842,406.0
2.842,406.0
2.842,406.0
2.436,406.0
2.436,406.0
2.842,406.0
2.842,406.0
2.842,406.0
0.818,409.0
1.632,408.0
2.04,408.0
2.035,407.0
2.035,407.0
2.04,408.0
1.632,408.0
1.227,409.0
1.227,409.0
1.227,409.0
1.227,409.0
2.04,408.0
2.442,407.0
2.442,407.0
2.442,407.0
2.842,406.0
3.24,405.0
3.645,405.0
3.645,405.0
5.614,401.0
5.226,402.0
4.824,402.0
4.03,403.0
4.03,403.0
4.03,403.0
5.213,401.0
5.614,401.0
5.614,401.0
5.6,400.0
4.422,402.0
4.433,403.0
4.422,402.0
4.433,403.0
4.433,403.0
3.232,404.0
4.04,404.0
4.03,403.0
4.04,404.0
4.04,404.0
3.636,404.0
2.835,405.0
2.436,406.0
1.632,408.0
0.818,409.0
1.227,409.0
1.227,409.0
1.227,409.0
1.636,409.0
1.227,409.0
0.82,410.0
0.0,411.0
0.411,411.0
1.23,410.0
2.04,408.0
2.04,408.0
2.442,407.0
3.248,406.0
3.24,405.0
4.04,404.0
4.433,403.0
4.433,403.0
4.836,403.0
4.433,403.0
4.422,402.0
4.422,402.0
4.422,402.0
5.226,402.0
5.213,401.0
4.03,403.0
2.436,406.0
2.436,406.0
2.436,406.0
3.232,404.0
3.636,404.0
4.03,403.0
4.04,404.0
4.03,403.0
4.03,403.0
4.04,404.0
4.824,402.0
4.824,402.0
4.824,402.0
4.812,401.0
5.213,401.0
4.824,402.0
4.422,402.0
4.422,402.0
4.433,403.0
4.433,403.0
5.614,401.0
6.766,398.0
7.562,398.0
7.164,398.0
7.524,396.0
7.164,398.0
7.543,397.0
7.524,396.0
7.92,396.0
7.92,396.0
7.92,396.0
7.92,396.0
8.295,395.0
8.316,396.0
7.92,396.0
7.146,397.0
7.524,396.0
8.69,395.0
8.69,395.0
9.039,393.0
9.039,393.0
9.062,394.0
9.432,393.0
9.062,394.0
9.408,392.0
9.432,393.0
9.432,393.0
9.8,392.0
9.8,392.0
9.8,392.0
10.166,391.0
10.192,392.0
10.192,392.0
10.166,391.0
10.557,391.0
10.557,391.0
10.53,390.0
10.92,390.0
10.92,390.0
10.92,390.0
10.92,390.0
10.92,390.0
10.892,389.0
11.281,389.0
11.281,389.0
11.281,389.0
11.67,389.0
11.64,388.0
11.64,388.0
11.67,389.0
11.997,387.0
7.128,396.0
-2.484,414.0
-2.06,412.0
-0.41,410.0
0.0,409.0
0.0,409.0
0.0,409.0
0.0,409.0
-0.0,410.0
-0.0,410.0
0.408,408.0
0.409,409.0
0.0,410.0
0.0,409.0
0.816,408.0
0.409,409.0
0.41,410.0
0.0,410.0
0.409,409.0
0.0,410.0
0.0,410.0
0.409,409.0
2.442,407.0
2.835,405.0
2.842,406.0
2.835,405.0
2.835,405.0
3.232,404.0
4.02,402.0
4.03,403.0
2.43,405.0
2.025,405.0
2.43,405.0
2.03,406.0
1.221,407.0
1.224,408.0
1.628,407.0
2.436,406.0
3.627,403.0
4.03,403.0
5.6,400.0
5.6,400.0
6.384,399.0
6.749,397.0
6.749,397.0
5.985,399.0
5.187,399.0
4.8,400.0
5.187,399.0
4.02,402.0
4.411,401.0
4.8,400.0
5.2,400.0
5.2,400.0
5.586,399.0
5.187,399.0
4.812,401.0
4.411,401.0
4.812,401.0
5.2,400.0
5.2,400.0
6.749,397.0
6.384,399.0
6.368,398.0
6.368,398.0
6.368,398.0
6.368,398.0
6.368,398.0
5.97,398.0
5.586,399.0
4.812,401.0
5.2,400.0
5.586,399.0
6.368,398.0
6.368,398.0
4.812,401.0
3.627,403.0
3.627,403.0
4.02,402.0
4.411,401.0
4.8,400.0
4.422,402.0
4.422,402.0
4.812,401.0
4.8,400.0
5.2,400.0
5.2,400.0
5.6,400.0
6.384,399.0
6.749,397.0
6.766,398.0
6.766,398.0
7.128,396.0
7.146,397.0
7.128,396.0
7.128,396.0
7.146,397.0
7.128,396.0
7.146,397.0
7.146,397.0
6.749,397.0
7.128,396.0
9.432,393.0
9.039,393.0
8.668,394.0
8.646,393.0
8.274,394.0
7.505,395.0
6.352,397.0
1.218,406.0
-1.648,412.0
-0.82,410.0
0.0,409.0
0.0,409.0
0.0,409.0
0.0,409.0
0.0,409.0
0.0,409.0
0.0,409.0
0.0,409.0
0.0,409.0
0.409,409.0
0.816,408.0
0.818,409.0
0.409,409.0
0.409,409.0
0.409,409.0
0.409,409.0
0.409,409.0
0.816,408.0
0.409,409.0
0.0,410.0
0.0,410.0
0.0,410.0
0.0,410.0
0.409,409.0
0.818,409.0
1.224,408.0
0.818,409.0
0.816,408.0
0.816,408.0
0.816,408.0
0.818,409.0
0.409,409.0
0.41,410.0
0.409,409.0
0.41,410.0
0.41,410.0
0.41,410.0
0.41,410.0
0.818,409.0
1.224,408.0
2.035,407.0
1.628,407.0
1.224,408.0
1.224,408.0
0.818,409.0
0.818,409.0
0.816,408.0
1.224,408.0
1.632,408.0
1.628,407.0
1.628,407.0
1.628,407.0
1.628,407.0
1.628,407.0
1.628,407.0
2.03,406.0
2.035,407.0
2.436,406.0
2.436,406.0
2.835,405.0
2.835,405.0
2.835,405.0
2.835,405.0
2.828,404.0
2.835,405.0
2.436,406.0
2.025,405.0
2.436,406.0
2.03,406.0
1.221,407.0
1.628,407.0
1.628,407.0
2.436,406.0
5.226,402.0
4.422,402.0
5.226,402.0
5.6,400.0
4.812,401.0
3.232,404.0
2.828,404.0
3.232,404.0
4.812,401.0
5.2,400.0
5.985,399.0
5.6,400.0
6.368,398.0
6.384,399.0
5.97,398.0
5.985,399.0
6.368,398.0
6.368,398.0
6.368,398.0
6.368,398.0
6.352,397.0
5.985,399.0
5.572,398.0
4.411,401.0
4.411,401.0
4.812,401.0
4.02,402.0
4.02,402.0
4.02,402.0
3.224,403.0
2.828,404.0
2.43,405.0
2.43,405.0
2.03,406.0
1.624,406.0
2.03,406.0
2.03,406.0
1.628,407.0
-0.0,410.0
0.0,410.0
0.0,410.0
0.0,410.0
0.0,410.0
0.0,410.0
0.0,410.0
1.632,408.0
2.436,406.0
2.436,406.0
4.433,403.0
4.03,403.0
4.03,403.0
4.422,402.0
4.02,402.0
4.422,402.0
4.812,401.0
5.2,400.0
5.2,400.0
5.2,400.0
5.2,400.0
5.2,400.0
3.618,402.0
3.627,403.0
4.02,402.0
4.812,401.0
4.8,400.0
4.812,401.0
5.2,400.0
5.2,400.0
5.2,400.0
5.2,400.0
4.812,401.0
5.2,400.0
5.97,398.0
6.368,398.0
6.368,398.0
5.985,399.0
6.368,398.0
7.128,396.0
7.146,397.0
6.749,397.0
5.97,398.0
5.2,400.0
5.572,398.0
5.985,399.0
7.146,397.0
6.749,397.0
7.128,396.0
7.524,396.0
7.9,395.0
8.274,394.0
7.88,394.0
7.9,395.0
8.253,393.0
8.274,394.0
8.274,394.0
8.646,393.0
7.505,395.0
7.505,395.0
7.9,395.0
8.253,393.0
8.274,394.0
8.646,393.0
8.646,393.0
9.408,392.0
9.775,391.0
9.384,391.0
9.408,392.0
9.775,391.0
9.408,392.0
9.775,391.0
9.775,391.0
10.166,391.0
10.14,390.0
10.14,390.0
9.75,390.0
9.408,392.0
9.384,391.0
9.8,392.0
10.92,390.0
10.14,390.0
9.384,391.0
9.016,392.0
8.646,393.0
9.016,392.0
9.016,392.0
9.016,392.0
8.646,393.0
8.624,392.0
8.274,394.0
8.274,394.0
8.646,393.0
8.274,394.0
8.274,394.0
7.9,395.0
0.0,408.0
0.0,408.0
0.814,407.0
0.408,408.0
-0.0,409.0
0.0,408.0
0.0,408.0
0.0,408.0
0.0,408.0
0.0,408.0
0.0,408.0
2.025,405.0
1.624,406.0
1.218,406.0
1.218,406.0
1.218,406.0
0.814,407.0
0.814,407.0
0.0,409.0
0.0,409.0
0.0,409.0
0.0,409.0
0.0,409.0
0.0,409.0
0.816,408.0
1.221,407.0
1.221,407.0
0.816,408.0
0.816,408.0
0.816,408.0
1.221,407.0
0.816,408.0
0.814,407.0
0.814,407.0
0.816,408.0
0.408,408.0
0.409,409.0
0.0,409.0
0.0,409.0
0.816,408.0
1.221,407.0
1.224,408.0
1.221,407.0
1.221,407.0
1.221,407.0
1.224,408.0
1.221,407.0
1.224,408.0
1.221,407.0
1.221,407.0
1.221,407.0
1.224,408.0
0.816,408.0
0.816,408.0
1.224,408.0
3.232,404.0
4.02,402.0
3.627,403.0
3.224,403.0
3.627,403.0
4.422,402.0
4.411,401.0
4.411,401.0
4.02,402.0
4.02,402.0
3.618,402.0
2.424,404.0
2.828,404.0
4.02,402.0
5.213,401.0
5.586,399.0
5.2,400.0
5.586,399.0
5.586,399.0
5.586,399.0
5.586,399.0
5.187,399.0
4.8,400.0
4.01,401.0
4.01,401.0
4.02,402.0
3.618,402.0
3.627,403.0
3.627,403.0
4.411,401.0
4.411,401.0
4.02,402.0
4.812,401.0
4.01,401.0
3.224,403.0
3.224,403.0
2.828,404.0
3.224,403.0
3.232,404.0
3.224,403.0
3.627,403.0
3.627,403.0
3.627,403.0
3.618,402.0
4.02,402.0
5.213,401.0
5.6,400.0
6.368,398.0
6.749,397.0
7.92,396.0
8.274,394.0
8.274,394.0
8.274,394.0
8.295,395.0
7.88,394.0
8.295,395.0
8.274,394.0
8.253,393.0
7.505,395.0
7.128,396.0
7.128,396.0
6.749,397.0
6.732,396.0
6.336,396.0
5.187,399.0
3.609,401.0
3.216,402.0
1.218,406.0
-0.82,410.0
-0.41,410.0
0.0,409.0
0.0,409.0
0.0,409.0
0.0,409.0
0.0,409.0
0.0,409.0
0.0,409.0
0.0,409.0
0.816,408.0
1.221,407.0
0.816,408.0
0.408,408.0
0.816,408.0
0.816,408.0
0.816,408.0
0.816,408.0
0.816,408.0
0.816,408.0
0.408,408.0
0.816,408.0
0.816,408.0
0.816,408.0
0.816,408.0
0.816,408.0
0.818,409.0
0.816,408.0
1.224,408.0
1.221,407.0
1.224,408.0
1.221,407.0
1.221,407.0
1.221,407.0
1.221,407.0
1.221,407.0
1.221,407.0
1.221,407.0
1.224,408.0
1.628,407.0
1.628,407.0
0.816,408.0
0.818,409.0
0.816,408.0
1.224,408.0
1.224,408.0
1.224,408.0
0.816,408.0
0.818,409.0
0.816,408.0
1.224,408.0
1.628,407.0
1.628,407.0
1.624,406.0
2.03,406.0
3.232,404.0
3.232,404.0
3.232,404.0
4.422,402.0
4.422,402.0
4.812,401.0
4.422,402.0
4.812,401.0
4.812,401.0
5.2,400.0
5.2,400.0
5.97,398.0
3.618,402.0
4.411,401.0
4.411,401.0
4.411,401.0
4.02,402.0
4.411,401.0
4.8,400.0
4.411,401.0
3.224,403.0
3.224,403.0
2.821,403.0
2.43,405.0
2.828,404.0
3.224,403.0
3.224,403.0
5.586,399.0
4.01,401.0
5.586,399.0
4.812,401.0
5.985,399.0
5.97,398.0
5.97,398.0
6.766,398.0
6.749,397.0
6.352,397.0
6.749,397.0
6.732,396.0
6.749,397.0
6.749,397.0
7.128,396.0
6.732,396.0
5.187,399.0
5.174,398.0
4.8,400.0
5.187,399.0
4.8,400.0
4.01,401.0
3.609,401.0
3.216,402.0
2.424,404.0
0.0,409.0
-0.41,410.0
-0.0,409.0
0.0,408.0
0.409,409.0
0.816,408.0
0.816,408.0
1.628,407.0
2.025,405.0
3.618,402.0
5.6,400.0
5.97,398.0
5.985,399.0
5.572,398.0
5.187,399.0
5.174,398.0
5.187,399.0
5.187,399.0
5.174,398.0
5.572,398.0
5.572,398.0
5.572,398.0
5.572,398.0
5.955,397.0
5.97,398.0
5.955,397.0
6.352,397.0
6.352,397.0
6.352,397.0
6.715,395.0
6.732,396.0
6.732,396.0
7.505,395.0
7.11,395.0
7.128,396.0
7.11,395.0
7.128,396.0
7.128,396.0
7.11,395.0
6.352,397.0
6.336,396.0
7.86,393.0
7.88,394.0
7.88,394.0
7.86,393.0
7.88,394.0
7.86,393.0
8.253,393.0
7.88,394.0
7.86,393.0
8.274,394.0
8.232,392.0
8.253,393.0
8.253,393.0
8.624,392.0
8.646,393.0
8.624,392.0
9.016,392.0
8.993,391.0
8.993,391.0
9.384,391.0
9.36,390.0
9.384,391.0
9.384,391.0
9.75,390.0
9.725,389.0
9.75,390.0
10.14,390.0
10.14,390.0
10.114,389.0
10.14,390.0
10.114,389.0
10.114,389.0
10.476,388.0
10.476,388.0
10.864,388.0
10.476,388.0
10.864,388.0
10.864,388.0
10.864,388.0
11.223,387.0
11.223,387.0
11.223,387.0
11.223,387.0
11.223,387.0
11.58,386.0
11.58,386.0
11.58,386.0
11.935,385.0
11.966,386.0
11.966,386.0
4.378,398.0
-1.227,409.0
-1.636,409.0
-0.0,407.0
0.0,406.0
0.0,407.0
0.0,407.0
0.0,407.0
0.0,407.0
0.0,407.0
0.0,407.0
0.0,407.0
0.0,407.0
1.215,405.0
3.618,402.0
3.216,402.0
5.572,398.0
5.174,398.0
4.788,399.0
3.6,400.0
4.0,400.0
4.0,400.0
3.609,401.0
5.174,398.0
5.174,398.0
5.161,397.0
5.558,397.0
4.776,398.0
4.776,398.0
4.776,398.0
4.389,399.0
5.558,397.0
3.6,400.0
2.412,402.0
2.015,403.0
2.412,402.0
3.208,401.0
3.6,400.0
5.586,399.0
5.94,396.0
7.11,395.0
7.11,395.0
7.467,393.0
7.092,394.0
6.698,394.0
7.467,393.0
7.092,394.0
7.467,393.0
7.467,393.0
7.486,394.0
7.84,392.0
7.467,393.0
7.86,393.0
8.232,392.0
7.84,392.0
8.232,392.0
8.232,392.0
8.232,392.0
8.602,391.0
8.211,391.0
8.211,391.0
8.602,391.0
8.58,390.0
8.602,391.0
8.602,391.0
9.336,389.0
8.97,390.0
9.36,390.0
8.97,390.0
9.336,389.0
9.36,390.0
8.97,390.0
8.602,391.0
7.092,394.0
7.84,392.0
8.232,392.0
7.092,394.0
7.074,393.0
10.476,388.0
11.223,387.0
10.836,387.0
11.223,387.0
10.836,387.0
10.836,387.0
10.836,387.0
10.836,387.0
10.836,387.0
10.836,387.0
10.476,388.0
10.836,387.0
10.449,387.0
8.58,390.0
5.925,395.0
1.608,402.0
-1.636,409.0
-0.407,407.0
0.0,406.0
0.0,406.0
0.0,406.0
0.0,406.0
0.0,406.0
0.0,406.0
0.0,406.0
0.0,406.0
0.0,406.0
0.0,406.0
0.0,406.0
0.0,406.0
0.0,407.0
0.0,407.0
0.0,406.0
0.0,407.0
0.0,407.0
0.0,407.0
0.0,407.0
0.0,407.0
0.0,407.0
0.0,407.0
0.0,407.0
0.0,407.0
0.0,407.0
0.0,408.0
0.0,407.0
0.0,407.0
0.0,407.0
0.0,407.0
0.0,408.0
0.0,408.0
0.0,408.0
0.0,408.0
0.0,408.0
0.0,408.0
0.0,408.0
0.0,408.0
0.0,408.0
0.0,408.0
0.0,408.0
0.0,408.0
0.0,408.0
0.0,408.0
0.0,408.0
0.0,408.0
0.0,408.0
0.0,408.0
0.0,408.0
0.0,408.0
0.0,408.0
0.0,408.0
0.0,408.0
0.0,408.0
0.0,408.0
