kW,V,I,t1
0.0,464.9,0.0,21.0
0.0,464.9,0.0,21.0
0.0,464.9,0.0,21.0
0.0,464.9,0.0,21.0
0.0,464.9,0.0,21.0
0.0,464.9,0.0,21.0
0.0,464.9,0.0,21.0
0.0,464.9,0.0,21.0
0.0,464.9,0.0,21.0
0.0,464.9,0.0,21.0
0.0,464.9,0.0,21.0
0.0,464.9,0.0,21.0
0.0,464.9,0.0,21.0
0.0,464.9,0.0,21.0
0.0,464.9,0.0,21.0
0.0,464.9,0.0,21.0
0.0,464.9,0.0,21.0
0.0,464.9,0.0,21.0
0.0,464.9,0.0,21.0
0.0,464.9,0.0,21.0
0.0,464.9,0.0,21.0
0.0,464.9,0.0,21.0
0.0,464.9,0.0,21.0
0.0,464.9,0.0,21.0
0.0,464.9,0.0,21.0
0.0,464.9,0.0,21.0
0.0,464.9,0.0,21.0
0.0,464.9,0.0,21.0
0.0,464.9,0.0,21.0
0.0,464.9,0.0,21.0
0.0,464.9,0.0,21.0
0.0,464.9,0.0,21.0
0.0,464.9,0.0,21.0
0.0,464.9,0.0,21.0
0.0,464.9,0.0,21.0
0.0,464.9,0.0,21.0
0.0,464.9,0.0,21.0
0.0,464.9,0.0,21.0
0.0,464.9,0.0,21.0
0.0,464.9,0.0,21.0
0.0,464.9,0.0,21.0
0.0,464.9,0.0,21.0
0.0,464.9,0.0,21.0
0.0,464.9,0.0,21.0
0.0,464.9,0.0,21.0
0.0,464.9,0.0,21.0
0.0,464.9,0.0,21.0
0.0,464.9,0.0,21.0
0.0,464.9,0.0,21.0
0.0,464.9,0.0,21.0
0.0,464.9,0.0,21.0
0.0,464.9,0.0,21.0
0.0,464.9,0.0,21.0
0.0,464.9,0.0,21.0
0.0,464.9,0.0,21.0
0.0,464.9,0.0,21.0
0.0,464.9,0.0,21.0
0.0,464.9,0.0,21.0
0.0,464.9,0.0,21.0
0.0,464.9,0.0,21.0
0.0,464.9,0.0,21.0
0.0,464.9,0.0,21.0
0.0,464.9,0.0,21.0
0.0,464.9,0.0,21.0
0.0,464.9,0.0,21.0
0.0,464.9,0.0,21.0
0.0,464.9,0.0,21.0
0.0,464.9,0.0,21.0
0.0,464.9,0.0,21.0
0.0,464.9,0.0,21.0
0.0,464.9,0.0,21.0
0.0,464.9,0.0,21.0
0.0,464.9,0.0,21.0
0.0,464.9,0.0,21.0
0.0,464.9,0.0,21.0
0.0,464.9,0.0,21.0
0.0,464.9,0.0,21.0
0.0,464.9,0.0,21.0
0.0,464.9,0.0,21.0
0.0,464.9,0.0,21.0
0.0,464.9,0.0,21.0
0.0,464.9,0.0,21.0
0.0,464.9,0.0,21.0
0.0,464.9,0.0,21.0
0.0,464.9,0.0,21.0
0.0,464.9,0.0,21.0
0.0,464.9,0.0,21.0
0.0,464.9,0.0,21.0
0.0,464.9,0.0,21.0
0.0,464.9,0.0,21.0
0.0,464.9,0.0,21.0
0.0,464.9,0.0,21.0
0.0,464.9,0.0,21.0
0.0,464.9,0.0,21.0
0.0,464.9,0.0,21.0
0.0,464.9,0.0,21.0
0.0,464.9,0.0,21.0
0.0,464.9,0.0,21.0
0.0,464.9,0.0,21.0
0.0,464.9,0.0,21.0
0.0,464.9,0.0,21.0
0.0,464.9,0.0,21.0
0.0,464.9,0.0,21.0
0.0,464.9,0.0,21.0
0.0,464.9,0.0,21.0
0.0,464.9,0.0,21.0
0.0,464.9,0.0,21.0
0.0,464.9,0.0,21.0
0.0,464.9,0.0,21.0
0.0,464.9,0.0,21.0
0.0,464.9,0.0,21.0
0.0,464.9,0.0,21.0
0.0,464.9,0.0,21.0
0.0,464.9,0.0,21.0
0.0,464.9,0.0,21.0
0.0,464.9,0.0,21.0
0.0,464.9,0.0,21.0
0.0,464.9,0.0,21.0
0.0,464.9,0.0,21.0
0.0,464.9,0.0,21.0
0.0,464.9,0.0,21.0
0.0,464.9,0.0,21.0
0.0,464.9,0.0,21.0
0.0,464.9,0.0,21.0
0.0,464.9,0.0,21.0
0.0,464.9,0.0,21.0
0.0,464.9,0.0,21.0
0.0,464.9,0.0,21.0
0.0,464.9,0.0,21.0
0.0,464.9,0.0,21.0
0.0,464.9,0.0,21.0
0.0,464.9,0.0,21.0
0.0,464.9,0.0,21.0
0.0,464.9,0.0,21.0
0.0,464.9,0.0,21.0
0.0,464.9,0.0,21.0
0.0,464.9,0.0,21.0
0.0,464.9,0.0,21.0
0.0,464.9,0.0,21.0
0.0,464.9,0.0,21.0
0.0,464.9,0.0,21.0
0.0,464.9,0.0,21.0
0.0,464.9,0.0,21.0
0.0,464.9,0.0,21.0
0.0,464.9,0.0,21.0
0.0,464.9,0.0,21.0
0.0,464.9,0.0,21.0
0.0,464.9,0.0,21.0
0.0,464.9,0.0,21.0
0.0,464.9,0.0,21.0
0.0,464.9,0.0,21.0
0.0,464.9,0.0,21.0
0.0,464.9,0.0,21.0
0.0,464.9,0.0,21.0
0.0,464.9,0.0,21.0
0.0,464.9,0.0,21.0
0.0,464.9,0.0,21.0
0.0,464.9,0.0,21.0
0.0,464.9,0.0,21.0
0.0,464.9,0.0,21.0
0.0,464.9,0.0,21.0
0.0,464.9,0.0,21.0
0.0,464.9,0.0,21.0
0.0,464.9,0.0,21.0
0.0,464.9,0.0,21.0
0.0,464.9,0.0,21.0
0.0,464.9,0.0,21.0
0.0,464.9,0.0,21.0
0.0,464.9,0.0,21.0
0.0,464.9,0.0,21.0
0.0,464.9,0.0,21.0
0.0,464.9,0.0,21.0
0.0,464.9,0.0,21.0
0.0,464.9,0.0,21.0
0.0,464.9,0.0,21.0
0.0,464.9,0.0,21.0
0.0,464.9,0.0,21.0
0.0,464.9,0.0,21.0
0.0,464.9,0.0,21.0
0.0,464.9,0.0,21.0
0.0,464.9,0.0,21.0
0.0,464.9,0.0,21.0
0.0,464.9,0.0,21.0
0.0,464.9,0.0,21.0
0.0,464.9,0.0,21.0
0.0,464.9,0.0,21.0
0.0,464.9,0.0,21.0
0.0,464.9,0.0,21.0
0.0,464.9,0.0,21.0
0.0,464.9,0.0,21.0
0.0,464.9,0.0,21.0
0.0,464.9,0.0,21.0
0.0,464.9,0.0,21.0
0.0,464.9,0.0,21.0
0.0,464.9,0.0,21.0
0.0,464.9,0.0,21.0
0.0,464.9,0.0,21.0
0.0,464.9,0.0,21.0
0.0,464.9,0.0,21.0
0.0,464.9,0.0,21.0
0.0,464.9,0.0,21.0
0.0,464.9,0.0,21.0
0.0,464.9,0.0,21.0
0.0,464.9,0.0,21.0
0.0,464.9,0.0,21.0
0.0,464.9,0.0,21.0
0.0,464.9,0.0,21.0
0.0,464.9,0.0,21.0
0.0,464.9,0.0,21.0
0.0,464.9,0.0,21.0
0.0,464.9,0.0,21.0
0.0,464.9,0.0,21.0
0.0,464.9,0.0,21.0
0.0,464.9,0.0,21.0
0.0,464.9,0.0,21.0
0.0,464.9,0.0,21.0
0.0,464.9,0.0,21.0
0.0,464.9,0.0,21.0
0.0,464.9,0.0,21.0
0.0,464.9,0.0,21.0
0.0,464.9,0.0,21.0
0.0,464.9,0.0,21.0
0.0,464.9,0.0,21.0
0.0,464.9,0.0,21.0
0.0,464.9,0.0,21.0
0.0,464.9,0.0,21.0
0.0,464.9,0.0,21.0
0.0,464.9,0.0,21.0
0.0,464.9,0.0,21.0
0.0,464.9,0.0,21.0
0.0,464.9,0.0,21.0
0.0,464.9,0.0,21.0
0.0,464.9,0.0,21.0
0.0,464.9,0.0,21.0
0.0,464.9,0.0,21.0
0.0,464.9,0.0,21.0
0.0,464.9,0.0,21.0
0.0,464.9,0.0,21.0
0.0,464.9,0.0,21.0
0.0,464.9,0.0,21.0
0.0,464.9,0.0,21.0
0.0,464.9,0.0,21.0
0.0,464.9,0.0,21.0
0.0,464.9,0.0,21.0
0.0,464.9,0.0,21.0
0.0,464.9,0.0,21.0
0.0,464.9,0.0,21.0
0.0,464.9,0.0,21.0
0.0,464.9,0.0,21.0
0.0,464.9,0.0,21.0
0.0,464.9,0.0,21.0
0.0,464.9,0.0,21.0
0.0,464.9,0.0,21.0
0.0,464.9,0.0,21.0
0.0,464.9,0.0,21.0
0.0,464.9,0.0,21.0
0.0,464.9,0.0,21.0
0.0,464.9,0.0,21.0
0.0,464.9,0.0,21.0
0.0,464.9,0.0,21.0
0.0,464.9,0.0,21.0
0.0,464.9,0.0,21.0
0.0,464.9,0.0,21.0
0.0,464.9,0.0,21.0
0.0,464.9,0.0,21.0
0.0,464.9,0.0,21.0
0.0,464.9,0.0,21.0
0.0,464.9,0.0,21.0
0.0,464.9,0.0,21.0
0.0,464.9,0.0,21.0
0.0,464.9,0.0,21.0
0.0,464.9,0.0,21.0
0.0,464.9,0.0,21.0
0.0,464.9,0.0,21.0
0.0,464.9,0.0,21.0
0.0,464.5,0.0,21.0
0.0,464.6,0.0,21.0
0.0,464.6,0.0,21.0
0.0,464.7,0.0,21.0
0.0,464.7,0.0,21.0
0.0,464.8,0.0,21.0
0.0,464.8,0.0,21.0
0.0,464.8,0.0,21.0
0.0,464.8,0.0,21.0
0.0,464.9,0.0,21.0
0.0,464.9,0.0,21.0
0.0,464.9,0.0,21.0
0.09262000000000001,463.1,0.2,21.0
0.13941,464.7,0.3,21.0
0.13941,464.7,0.3,21.0
0.13941,464.7,0.3,21.0
0.13941,464.7,0.3,21.0
0.18588,464.7,0.4,21.0
0.09294,464.7,0.2,21.0
0.13941,464.7,0.3,21.0
0.13941,464.7,0.3,21.0
0.13941,464.7,0.3,21.0
0.13941,464.7,0.3,21.0
0.18588,464.7,0.4,21.0
0.13941,464.7,0.3,21.0
0.13941,464.7,0.3,21.0
0.13941,464.7,0.3,21.0
0.13941,464.7,0.3,21.0
0.13941,464.7,0.3,21.0
0.13941,464.7,0.3,21.0
0.13941,464.7,0.3,21.0
0.13941,464.7,0.3,21.0
0.13941,464.7,0.3,21.0
0.13941,464.7,0.3,21.0
0.13941,464.7,0.3,21.0
0.13941,464.7,0.3,21.0
0.09294,464.7,0.2,21.0
0.13941,464.7,0.3,21.0
0.13941,464.7,0.3,21.0
0.13941,464.7,0.3,21.0
0.13941,464.7,0.3,21.0
0.13941,464.7,0.3,21.0
0.13941,464.7,0.3,21.0
0.13941,464.7,0.3,21.0
0.13941,464.7,0.3,21.0
0.13941,464.7,0.3,21.0
0.13938,464.6,0.3,21.0
0.13941,464.7,0.3,21.0
0.13941,464.7,0.3,21.0
0.13941,464.7,0.3,21.0
0.13941,464.7,0.3,21.0
0.13941,464.7,0.3,21.0
0.09294,464.7,0.2,21.0
0.13941,464.7,0.3,21.0
0.13941,464.7,0.3,21.0
0.13941,464.7,0.3,21.0
0.13941,464.7,0.3,21.0
0.13941,464.7,0.3,21.0
0.13938,464.6,0.3,21.0
0.13941,464.7,0.3,21.0
0.13938,464.6,0.3,21.0
0.13941,464.7,0.3,21.0
0.13941,464.7,0.3,21.0
0.13941,464.7,0.3,21.0
0.09294,464.7,0.2,21.0
0.13938,464.6,0.3,21.0
0.13941,464.7,0.3,21.0
0.09292000000000002,464.6,0.2,21.0
0.13941,464.7,0.3,21.0
0.13938,464.6,0.3,21.0
0.13938,464.6,0.3,21.0
0.13938,464.6,0.3,21.0
0.18584000000000003,464.6,0.4,21.0
0.13941,464.7,0.3,21.0
0.09292000000000002,464.6,0.2,21.0
0.13938,464.6,0.3,21.0
0.13941,464.7,0.3,21.0
0.13938,464.6,0.3,21.0
0.13941,464.7,0.3,21.0
0.13938,464.6,0.3,21.0
0.13941,464.7,0.3,21.0
0.09292000000000002,464.6,0.2,21.0
0.13938,464.6,0.3,21.0
0.13938,464.6,0.3,21.0
0.13941,464.7,0.3,21.0
0.13938,464.6,0.3,21.0
0.13938,464.6,0.3,21.0
0.13938,464.6,0.3,21.0
0.13941,464.7,0.3,21.0
0.13938,464.6,0.3,21.0
0.13938,464.6,0.3,21.0
0.13938,464.6,0.3,21.0
0.13938,464.6,0.3,21.0
0.13938,464.6,0.3,21.0
0.13938,464.6,0.3,21.0
0.13938,464.6,0.3,21.0
0.09292000000000002,464.6,0.2,21.0
0.13938,464.6,0.3,21.0
0.13938,464.6,0.3,21.0
0.18584000000000003,464.6,0.4,21.0
0.13938,464.6,0.3,21.0
0.13938,464.6,0.3,21.0
0.13938,464.6,0.3,21.0
0.13938,464.6,0.3,21.0
0.09292000000000002,464.6,0.2,21.0
0.13938,464.6,0.3,21.0
0.13938,464.6,0.3,21.0
0.18584000000000003,464.6,0.4,21.0
0.13938,464.6,0.3,21.0
0.13938,464.6,0.3,21.0
0.13938,464.6,0.3,21.0
0.13938,464.6,0.3,21.0
0.13938,464.6,0.3,21.0
0.18588,464.7,0.4,21.0
0.09292000000000002,464.6,0.2,21.0
0.09292000000000002,464.6,0.2,21.0
0.13938,464.6,0.3,21.0
0.09292000000000002,464.6,0.2,21.0
0.13938,464.6,0.3,21.0
0.13938,464.6,0.3,21.0
0.13938,464.6,0.3,21.0
0.13938,464.6,0.3,21.0
0.13938,464.6,0.3,21.0
0.13938,464.6,0.3,21.0
0.13938,464.6,0.3,21.0
0.13938,464.6,0.3,21.0
0.13938,464.6,0.3,21.0
0.13938,464.6,0.3,21.0
0.09292000000000002,464.6,0.2,21.0
0.13938,464.6,0.3,21.0
0.13938,464.6,0.3,21.0
0.13938,464.6,0.3,21.0
0.13938,464.6,0.3,21.0
0.13938,464.6,0.3,21.0
0.13938,464.6,0.3,21.0
0.13938,464.6,0.3,21.0
0.13938,464.6,0.3,21.0
0.13938,464.6,0.3,21.0
0.13938,464.6,0.3,21.0
0.13938,464.6,0.3,21.0
0.13938,464.6,0.3,21.0
0.18584000000000003,464.6,0.4,21.0
0.13938,464.6,0.3,21.0
0.13938,464.6,0.3,21.0
0.09292000000000002,464.6,0.2,21.0
0.13938,464.6,0.3,21.0
0.13938,464.6,0.3,21.0
0.13938,464.6,0.3,21.0
0.13938,464.6,0.3,21.0
0.13938,464.6,0.3,21.0
0.13938,464.6,0.3,21.0
0.13938,464.6,0.3,21.0
0.13938,464.6,0.3,21.0
0.18584000000000003,464.6,0.4,21.0
0.13938,464.6,0.3,21.0
0.13938,464.6,0.3,21.0
0.13938,464.6,0.3,21.0
0.18584000000000003,464.6,0.4,21.0
1.0669699999999998,463.9,2.3,21.0
2.36028,462.8,5.1,21.0
5.9605,458.5,13.0,21.0
6.017879999999999,455.9,13.2,21.0
8.1954,455.3,18.0,21.0
6.2156899999999995,453.7,13.7,21.0
11.15008,449.6,24.8,21.0
12.412370000000001,448.1,27.7,21.0
13.69527,446.1,30.7,21.0
15.843660000000002,443.8,35.7,21.0
16.037339999999997,441.8,36.3,21.0
18.876,440.0,42.9,21.0
19.19316,438.2,43.8,21.0
20.99084,436.4,48.1,21.0
21.3346,435.4,49.0,21.0
22.862399999999997,433.0,52.8,21.0
25.423099999999998,430.9,59.0,21.0
27.15072,429.6,63.2,21.0
28.741439999999997,427.7,67.2,21.0
29.343199999999996,426.5,68.8,21.0
29.642639999999997,425.9,69.6,21.0
27.74912,425.6,65.2,21.0
27.873480000000004,426.2,65.4,21.0
28.342299999999998,426.2,66.5,21.0
26.8506,426.2,63.0,21.0
27.104350000000004,425.5,63.7,21.0
27.74912,425.6,65.2,21.0
27.785149999999998,425.5,65.3,21.0
27.713069999999995,425.7,65.1,21.0
27.021079999999998,426.2,63.4,21.0
8.736099999999999,439.0,19.9,21.0
0.0,453.8,0.0,21.0
0.0,469.0,0.0,21.0
0.0,465.8,0.0,21.0
0.18475999999999998,461.9,0.4,21.0
0.09230000000000001,461.5,0.2,21.0
0.0,461.8,0.0,21.0
0.0,462.0,0.0,21.0
0.09242000000000002,462.1,0.2,21.0
0.18480000000000002,462.0,0.4,21.0
0.23105,462.1,0.5,21.0
0.231,462.0,0.5,21.0
0.23105,462.1,0.5,21.0
0.13863,462.1,0.3,21.0
0.18484000000000003,462.1,0.4,21.0
0.13863,462.1,0.3,21.0
0.13866,462.2,0.3,21.0
0.09244,462.2,0.2,21.0
0.2311,462.2,0.5,21.0
0.2311,462.2,0.5,21.0
0.09246000000000001,462.3,0.2,21.0
0.18492000000000003,462.3,0.4,21.0
0.18492000000000003,462.3,0.4,21.0
0.2312,462.4,0.5,21.0
0.18496,462.4,0.4,21.0
0.09248,462.4,0.2,21.0
0.18496,462.4,0.4,21.0
0.185,462.5,0.4,21.0
0.13872,462.4,0.3,21.0
0.23125,462.5,0.5,21.0
0.13875,462.5,0.3,21.0
0.13875,462.5,0.3,21.0
0.185,462.5,0.4,21.0
0.185,462.5,0.4,21.0
0.185,462.5,0.4,21.0
0.13878000000000001,462.6,0.3,21.0
0.74,462.5,1.6,21.0
1.4755200000000002,461.1,3.2,21.0
2.0727,460.6,4.5,21.0
2.02312,459.8,4.4,21.0
1.7943900000000002,460.1,3.9,21.0
2.20704,459.8,4.8,21.0
2.16059,459.7,4.7,21.0
2.20608,459.6,4.8,21.0
2.4813,459.5,5.4,21.0
2.66162,458.9,5.8,21.0
2.79868,458.8,6.1,21.0
2.61573,458.9,5.7,21.0
2.5698399999999997,458.9,5.6,21.0
2.66046,458.7,5.8,21.0
2.9350400000000003,458.6,6.4,21.0
3.0254399999999997,458.4,6.6,21.0
3.2087999999999997,458.4,7.0,21.0
3.52506,457.8,7.7,21.0
3.70575,457.5,8.1,21.0
3.6592,457.4,8.0,21.0
4.24917,456.9,9.3,21.0
4.47468,456.6,9.8,21.0
5.33052,455.6,11.7,21.0
5.68625,454.9,12.5,21.0
5.68125,454.5,12.5,21.0
6.39717,453.7,14.1,21.0
7.155819999999999,452.9,15.8,21.0
7.37086,452.2,16.3,21.0
8.798399999999999,451.2,19.5,21.0
9.65995,449.3,21.5,21.0
9.6449,448.6,21.5,21.0
9.867,448.5,22.0,21.0
9.54453,448.1,21.3,21.0
10.47852,447.8,23.4,21.0
10.476179999999998,447.7,23.4,21.0
8.7477,448.6,19.5,21.0
5.761280000000001,450.1,12.8,21.0
2.20368,459.1,4.8,21.0
2.52175,458.5,5.5,21.0
0.0,461.7,0.0,21.0
0.0,461.4,0.0,21.0
0.0,462.7,0.0,21.0
0.18492000000000003,462.3,0.4,21.0
0.2311,462.2,0.5,21.0
0.0,462.2,0.0,21.0
0.18492000000000003,462.3,0.4,21.0
0.18492000000000003,462.3,0.4,21.0
0.18492000000000003,462.3,0.4,21.0
0.2312,462.4,0.5,21.0
0.13872,462.4,0.3,21.0
0.18496,462.4,0.4,21.0
0.2312,462.4,0.5,21.0
0.185,462.5,0.4,21.0
0.2312,462.4,0.5,21.0
0.04625,462.5,0.1,21.0
0.185,462.5,0.4,21.0
0.04625,462.5,0.1,21.0
0.09252,462.6,0.2,21.0
0.04625,462.5,0.1,21.0
0.185,462.5,0.4,21.0
0.2313,462.6,0.5,21.0
0.04626,462.6,0.1,21.0
0.04626,462.6,0.1,21.0
0.09252,462.6,0.2,21.0
0.2313,462.6,0.5,21.0
0.18504,462.6,0.4,21.0
0.13878000000000001,462.6,0.3,21.0
0.18504,462.6,0.4,21.0
0.18504,462.6,0.4,21.0
0.13881,462.7,0.3,21.0
0.13878000000000001,462.6,0.3,21.0
0.2313,462.6,0.5,21.0
0.18508000000000002,462.7,0.4,21.0
0.18508000000000002,462.7,0.4,21.0
0.18508000000000002,462.7,0.4,21.0
0.18508000000000002,462.7,0.4,21.0
0.18508000000000002,462.7,0.4,21.0
0.13881,462.7,0.3,21.0
0.18508000000000002,462.7,0.4,21.0
0.18508000000000002,462.7,0.4,21.0
0.18512,462.8,0.4,21.0
0.18512,462.8,0.4,21.0
0.18512,462.8,0.4,21.0
0.18512,462.8,0.4,21.0
0.18512,462.8,0.4,21.0
0.13884,462.8,0.3,21.0
0.18512,462.8,0.4,21.0
0.13884,462.8,0.3,21.0
0.09256,462.8,0.2,21.0
0.13884,462.8,0.3,21.0
0.13886999999999997,462.9,0.3,21.0
0.13884,462.8,0.3,21.0
0.13886999999999997,462.9,0.3,21.0
0.18516,462.9,0.4,21.0
0.13886999999999997,462.9,0.3,21.0
0.13886999999999997,462.9,0.3,21.0
0.13886999999999997,462.9,0.3,21.0
0.18516,462.9,0.4,21.0
0.13886999999999997,462.9,0.3,21.0
0.09258,462.9,0.2,21.0
0.13886999999999997,462.9,0.3,21.0
0.1389,463.0,0.3,21.0
0.1389,463.0,0.3,21.0
0.0926,463.0,0.2,21.0
0.1852,463.0,0.4,21.0
0.4629,462.9,1.0,21.0
1.24713,461.9,2.7,21.0
1.383,461.0,3.0,21.0
1.10664,461.1,2.4,21.0
1.06168,461.6,2.3,21.0
0.87742,461.8,1.9,21.0
0.9236,461.8,2.0,21.0
0.8777999999999999,462.0,1.9,21.0
0.6932999999999999,462.2,1.5,21.0
0.69315,462.1,1.5,21.0
0.2312,462.4,0.5,21.0
0.046310000000000004,463.1,0.1,21.0
0.046310000000000004,463.1,0.1,21.0
0.13893,463.1,0.3,21.0
0.1389,463.0,0.3,21.0
0.1389,463.0,0.3,21.0
0.2315,463.0,0.5,21.0
0.96999,461.9,2.1,21.0
0.7854,462.0,1.7,21.0
0.60099,462.3,1.3,21.0
0.5086400000000001,462.4,1.1,21.0
0.4625,462.5,1.0,21.0
0.32389,462.7,0.7,21.0
0.37032,462.9,0.8,21.0
0.32395999999999997,462.8,0.7,21.0
0.27768,462.8,0.6,21.0
0.27768,462.8,0.6,21.0
0.2315,463.0,0.5,21.0
0.18524000000000002,463.1,0.4,21.0
0.13893,463.1,0.3,21.0
0.13893,463.1,0.3,21.0
0.13893,463.1,0.3,21.0
0.18524000000000002,463.1,0.4,21.0
0.13893,463.1,0.3,21.0
0.18524000000000002,463.1,0.4,21.0
0.13893,463.1,0.3,21.0
0.13893,463.1,0.3,21.0
0.13893,463.1,0.3,21.0
0.13895999999999997,463.2,0.3,21.0
0.13895999999999997,463.2,0.3,21.0
0.13893,463.1,0.3,21.0
0.18524000000000002,463.1,0.4,21.0
0.23155,463.1,0.5,21.0
0.18524000000000002,463.1,0.4,21.0
0.23155,463.1,0.5,21.0
0.18524000000000002,463.1,0.4,21.0
0.18524000000000002,463.1,0.4,21.0
0.18528,463.2,0.4,21.0
0.18528,463.2,0.4,21.0
0.13895999999999997,463.2,0.3,21.0
0.13895999999999997,463.2,0.3,21.0
0.13895999999999997,463.2,0.3,21.0
0.13895999999999997,463.2,0.3,21.0
0.13899,463.3,0.3,21.0
0.13899,463.3,0.3,21.0
0.13899,463.3,0.3,21.0
0.13899,463.3,0.3,21.0
0.13899,463.3,0.3,21.0
0.13899,463.3,0.3,21.0
0.13899,463.3,0.3,21.0
0.13899,463.3,0.3,21.0
0.13899,463.3,0.3,21.0
0.13899,463.3,0.3,21.0
0.13899,463.3,0.3,21.0
0.13899,463.3,0.3,21.0
0.09266,463.3,0.2,21.0
0.13899,463.3,0.3,21.0
0.13899,463.3,0.3,21.0
0.13899,463.3,0.3,21.0
0.13899,463.3,0.3,21.0
0.09266,463.3,0.2,21.0
0.13899,463.3,0.3,21.0
0.13899,463.3,0.3,21.0
0.13899,463.3,0.3,21.0
0.13899,463.3,0.3,21.0
0.13899,463.3,0.3,21.0
0.13901999999999998,463.4,0.3,21.0
0.13901999999999998,463.4,0.3,21.0
0.13901999999999998,463.4,0.3,21.0
0.13901999999999998,463.4,0.3,21.0
0.13901999999999998,463.4,0.3,21.0
0.13901999999999998,463.4,0.3,21.0
0.13901999999999998,463.4,0.3,21.0
0.09268000000000001,463.4,0.2,21.0
0.13901999999999998,463.4,0.3,21.0
0.13901999999999998,463.4,0.3,21.0
0.13901999999999998,463.4,0.3,21.0
0.13901999999999998,463.4,0.3,21.0
0.13901999999999998,463.4,0.3,21.0
0.13901999999999998,463.4,0.3,21.0
0.13901999999999998,463.4,0.3,21.0
0.13901999999999998,463.4,0.3,21.0
0.13901999999999998,463.4,0.3,21.0
0.13901999999999998,463.4,0.3,21.0
0.13901999999999998,463.4,0.3,21.0
0.13901999999999998,463.4,0.3,21.0
0.13901999999999998,463.4,0.3,21.0
0.13901999999999998,463.4,0.3,21.0
0.13901999999999998,463.4,0.3,21.0
0.13901999999999998,463.4,0.3,21.0
0.13901999999999998,463.4,0.3,21.0
0.13901999999999998,463.4,0.3,21.0
0.13901999999999998,463.4,0.3,21.0
0.13904999999999998,463.5,0.3,21.0
0.13901999999999998,463.4,0.3,21.0
0.13904999999999998,463.5,0.3,21.0
0.13904999999999998,463.5,0.3,21.0
0.0927,463.5,0.2,21.0
0.13904999999999998,463.5,0.3,21.0
0.13904999999999998,463.5,0.3,21.0
0.13904999999999998,463.5,0.3,21.0
0.13904999999999998,463.5,0.3,21.0
0.13904999999999998,463.5,0.3,21.0
0.13904999999999998,463.5,0.3,21.0
0.13904999999999998,463.5,0.3,21.0
0.13904999999999998,463.5,0.3,21.0
0.13904999999999998,463.5,0.3,21.0
0.13904999999999998,463.5,0.3,21.0
0.13904999999999998,463.5,0.3,21.0
0.13904999999999998,463.5,0.3,21.0
0.13904999999999998,463.5,0.3,21.0
0.13904999999999998,463.5,0.3,21.0
0.13904999999999998,463.5,0.3,21.0
0.13904999999999998,463.5,0.3,21.0
0.13904999999999998,463.5,0.3,21.0
0.13904999999999998,463.5,0.3,21.0
0.13904999999999998,463.5,0.3,21.0
0.13904999999999998,463.5,0.3,21.0
0.13904999999999998,463.5,0.3,21.0
0.0927,463.5,0.2,21.0
0.13904999999999998,463.5,0.3,21.0
0.13904999999999998,463.5,0.3,21.0
0.13904999999999998,463.5,0.3,21.0
0.13904999999999998,463.5,0.3,21.0
0.13908,463.6,0.3,21.0
0.13908,463.6,0.3,21.0
0.13904999999999998,463.5,0.3,21.0
0.13908,463.6,0.3,21.0
0.13908,463.6,0.3,21.0
0.13908,463.6,0.3,21.0
0.09272000000000001,463.6,0.2,21.0
0.13908,463.6,0.3,21.0
0.13908,463.6,0.3,21.0
0.13908,463.6,0.3,21.0
0.13908,463.6,0.3,21.0
0.13908,463.6,0.3,21.0
0.13908,463.6,0.3,21.0
0.09272000000000001,463.6,0.2,21.0
0.13908,463.6,0.3,21.0
0.13908,463.6,0.3,21.0
0.13908,463.6,0.3,21.0
0.13908,463.6,0.3,21.0
0.13908,463.6,0.3,21.0
0.13908,463.6,0.3,21.0
0.13908,463.6,0.3,21.0
0.13908,463.6,0.3,21.0
0.13908,463.6,0.3,21.0
0.18544000000000002,463.6,0.4,21.0
0.13908,463.6,0.3,21.0
0.13908,463.6,0.3,21.0
0.13908,463.6,0.3,21.0
0.09272000000000001,463.6,0.2,21.0
0.13908,463.6,0.3,21.0
0.13908,463.6,0.3,21.0
0.13908,463.6,0.3,21.0
0.13908,463.6,0.3,21.0
0.13908,463.6,0.3,21.0
0.13908,463.6,0.3,21.0
0.13908,463.6,0.3,21.0
0.13908,463.6,0.3,21.0
0.13908,463.6,0.3,21.0
0.13908,463.6,0.3,21.0
0.13908,463.6,0.3,21.0
0.13908,463.6,0.3,21.0
0.13908,463.6,0.3,21.0
0.13908,463.6,0.3,21.0
0.13908,463.6,0.3,21.0
0.13908,463.6,0.3,21.0
0.13908,463.6,0.3,21.0
0.09272000000000001,463.6,0.2,21.0
0.13908,463.6,0.3,21.0
0.13908,463.6,0.3,21.0
0.13908,463.6,0.3,21.0
0.13908,463.6,0.3,21.0
0.13908,463.6,0.3,21.0
0.13908,463.6,0.3,21.0
0.13908,463.6,0.3,21.0
0.13910999999999998,463.7,0.3,21.0
0.13910999999999998,463.7,0.3,21.0
0.13910999999999998,463.7,0.3,21.0
0.13910999999999998,463.7,0.3,21.0
0.13910999999999998,463.7,0.3,21.0
0.13910999999999998,463.7,0.3,21.0
0.13910999999999998,463.7,0.3,21.0
0.13910999999999998,463.7,0.3,21.0
0.13910999999999998,463.7,0.3,21.0
0.13910999999999998,463.7,0.3,21.0
0.13910999999999998,463.7,0.3,21.0
0.13910999999999998,463.7,0.3,21.0
0.13910999999999998,463.7,0.3,21.0
0.13910999999999998,463.7,0.3,21.0
0.13910999999999998,463.7,0.3,21.0
0.13910999999999998,463.7,0.3,21.0
0.13910999999999998,463.7,0.3,21.0
0.13910999999999998,463.7,0.3,21.0
0.13910999999999998,463.7,0.3,21.0
0.13910999999999998,463.7,0.3,21.0
0.13910999999999998,463.7,0.3,21.0
0.13910999999999998,463.7,0.3,21.0
0.13910999999999998,463.7,0.3,21.0
0.13910999999999998,463.7,0.3,21.0
0.13910999999999998,463.7,0.3,21.0
0.09274,463.7,0.2,21.0
0.13910999999999998,463.7,0.3,21.0
0.13910999999999998,463.7,0.3,21.0
0.13910999999999998,463.7,0.3,21.0
0.13910999999999998,463.7,0.3,21.0
0.13910999999999998,463.7,0.3,21.0
0.09274,463.7,0.2,21.0
0.13910999999999998,463.7,0.3,21.0
0.13910999999999998,463.7,0.3,21.0
0.13910999999999998,463.7,0.3,21.0
0.13910999999999998,463.7,0.3,21.0
0.13910999999999998,463.7,0.3,21.0
0.13910999999999998,463.7,0.3,21.0
0.09274,463.7,0.2,21.0
0.13910999999999998,463.7,0.3,21.0
0.13910999999999998,463.7,0.3,21.0
0.09274,463.7,0.2,21.0
0.13910999999999998,463.7,0.3,21.0
0.13910999999999998,463.7,0.3,21.0
0.13910999999999998,463.7,0.3,21.0
0.13910999999999998,463.7,0.3,21.0
0.13910999999999998,463.7,0.3,21.0
0.13910999999999998,463.7,0.3,21.0
0.13910999999999998,463.7,0.3,21.0
0.13910999999999998,463.7,0.3,21.0
0.13910999999999998,463.7,0.3,21.0
0.13910999999999998,463.7,0.3,21.0
0.13910999999999998,463.7,0.3,21.0
0.13910999999999998,463.7,0.3,21.0
0.13910999999999998,463.7,0.3,21.0
0.13910999999999998,463.7,0.3,21.0
0.13910999999999998,463.7,0.3,21.0
0.13910999999999998,463.7,0.3,21.0
0.13913999999999999,463.8,0.3,21.0
0.13910999999999998,463.7,0.3,21.0
0.09274,463.7,0.2,21.0
0.13913999999999999,463.8,0.3,21.0
0.09276000000000001,463.8,0.2,21.0
0.13913999999999999,463.8,0.3,21.0
0.13913999999999999,463.8,0.3,21.0
0.13913999999999999,463.8,0.3,21.0
0.13910999999999998,463.7,0.3,21.0
0.37096,463.7,0.8,21.0
2.4486,462.0,5.3,21.0
4.1292,458.8,9.0,21.0
5.6519200000000005,455.8,12.4,21.0
7.401830000000001,454.1,16.3,21.0
12.890550000000001,452.3,28.5,21.0
8.32685,450.1,18.5,21.0
10.7448,447.7,24.0,21.0
13.74604,446.3,30.8,21.0
14.189119999999999,444.8,31.9,21.0
16.228740000000002,442.2,36.7,21.0
17.0033,440.5,38.6,21.0
19.49545,438.1,44.5,21.0
20.559150000000002,436.5,47.1,21.0
21.78,435.6,50.0,21.0
22.103399999999997,433.4,51.0,21.0
24.61581,431.1,57.1,21.0
27.15072,429.6,63.2,21.0
25.47304,427.4,59.6,21.0
27.633370000000003,427.1,64.7,21.0
27.889650000000003,424.5,65.7,21.0
28.62269,425.3,67.3,21.0
28.410040000000002,425.3,66.8,21.0
27.85386,425.9,65.4,21.0
27.77209,425.3,65.3,21.0
27.33636,425.8,64.2,21.0
27.6445,425.3,65.0,21.0
27.21501,425.9,63.9,21.0
26.84274,425.4,63.1,21.0
26.90424,425.7,63.2,21.0
26.812800000000003,425.6,63.0,21.0
27.33393,425.1,64.3,21.0
20.0079,425.7,47.0,21.0
0.0,469.6,0.0,21.0
0.0,465.0,0.0,21.0
0.0,461.8,0.0,21.0
0.4604,460.4,1.0,21.0
0.13820999999999997,460.7,0.3,21.0
0.0461,461.0,0.1,21.0
0.0461,461.0,0.1,21.0
0.0,461.1,0.0,21.0
0.13833,461.1,0.3,21.0
0.23055,461.1,0.5,21.0
0.09222000000000001,461.1,0.2,21.0
0.0,461.1,0.0,21.0
0.18444000000000002,461.1,0.4,21.0
0.18448,461.2,0.4,21.0
0.18448,461.2,0.4,21.0
0.18448,461.2,0.4,21.0
0.13838999999999999,461.3,0.3,21.0
0.18452000000000002,461.3,0.4,21.0
0.09226000000000001,461.3,0.2,21.0
0.2307,461.4,0.5,21.0
0.18456,461.4,0.4,21.0
0.09228,461.4,0.2,21.0
0.23075,461.5,0.5,21.0
0.23075,461.5,0.5,21.0
0.18460000000000001,461.5,0.4,21.0
0.18460000000000001,461.5,0.4,21.0
0.09230000000000001,461.5,0.2,21.0
0.18460000000000001,461.5,0.4,21.0
0.2769,461.5,0.6,21.0
0.41517000000000004,461.3,0.9,21.0
0.59943,461.1,1.3,21.0
1.1515,460.6,2.5,21.0
1.51701,459.7,3.3,21.0
1.5623,459.5,3.4,21.0
1.5163499999999999,459.5,3.3,21.0
1.6542000000000001,459.5,3.6,21.0
2.11186,459.1,4.6,21.0
2.5223,458.6,5.5,21.0
2.61174,458.2,5.7,21.0
2.7937999999999996,458.0,6.1,21.0
2.7027900000000002,458.1,5.9,21.0
2.7027900000000002,458.1,5.9,21.0
2.748,458.0,6.0,21.0
2.7937999999999996,458.0,6.1,21.0
3.2947200000000003,457.6,7.2,21.0
3.2454099999999997,457.1,7.1,21.0
3.6568,457.1,8.0,21.0
3.6568,457.1,8.0,21.0
4.6512,456.0,10.2,21.0
4.73304,455.1,10.4,21.0
4.82088,454.8,10.6,21.0
5.316479999999999,454.4,11.7,21.0
6.3462,453.3,14.0,21.0
8.127,451.5,18.0,21.0
8.583540000000001,449.4,19.1,21.0
8.3139,449.4,18.5,21.0
9.78384,448.8,21.8,21.0
9.932279999999999,447.4,22.2,21.0
11.926,445.0,26.8,21.0
13.99564,442.9,31.6,21.0
15.43627,442.3,34.9,21.0
15.672300000000002,439.0,35.7,21.0
18.59916,436.6,42.6,21.0
21.675,433.5,50.0,21.0
24.55871,430.1,57.1,21.0
22.746239999999997,430.8,52.8,21.0
4.97835,432.9,11.5,21.0
0.0,463.0,0.0,21.0
0.0,464.2,0.0,21.0
0.0,462.4,0.0,21.0
0.13833,461.1,0.3,21.0
0.09214,460.7,0.2,21.0
0.0,460.9,0.0,21.0
0.0,461.0,0.0,21.0
0.0,461.1,0.0,21.0
0.0,461.2,0.0,21.0
0.0,461.2,0.0,21.0
0.09224,461.2,0.2,21.0
0.0,461.2,0.0,21.0
0.18452000000000002,461.3,0.4,21.0
0.13838999999999999,461.3,0.3,21.0
0.046130000000000004,461.3,0.1,21.0
0.046130000000000004,461.3,0.1,21.0
0.23065,461.3,0.5,21.0
0.0,461.3,0.0,21.0
0.18456,461.4,0.4,21.0
0.23065,461.3,0.5,21.0
0.046130000000000004,461.3,0.1,21.0
0.09228,461.4,0.2,21.0
0.2307,461.4,0.5,21.0
0.18456,461.4,0.4,21.0
0.18456,461.4,0.4,21.0
0.09228,461.4,0.2,21.0
0.18460000000000001,461.5,0.4,21.0
0.18460000000000001,461.5,0.4,21.0
0.046150000000000004,461.5,0.1,21.0
0.09230000000000001,461.5,0.2,21.0
0.23075,461.5,0.5,21.0
0.23075,461.5,0.5,21.0
0.046150000000000004,461.5,0.1,21.0
0.2308,461.6,0.5,21.0
0.18464000000000003,461.6,0.4,21.0
0.18464000000000003,461.6,0.4,21.0
0.13848,461.6,0.3,21.0
0.09232000000000001,461.6,0.2,21.0
0.2308,461.6,0.5,21.0
0.18464000000000003,461.6,0.4,21.0
0.18464000000000003,461.6,0.4,21.0
0.04616000000000001,461.6,0.1,21.0
0.23085,461.7,0.5,21.0
0.23085,461.7,0.5,21.0
0.18468,461.7,0.4,21.0
0.13851,461.7,0.3,21.0
0.09234,461.7,0.2,21.0
0.18468,461.7,0.4,21.0
0.18468,461.7,0.4,21.0
0.18472000000000002,461.8,0.4,21.0
0.13854,461.8,0.3,21.0
0.2309,461.8,0.5,21.0
0.13854,461.8,0.3,21.0
0.13854,461.8,0.3,21.0
0.13854,461.8,0.3,21.0
0.13854,461.8,0.3,21.0
0.13857,461.9,0.3,21.0
0.09236000000000001,461.8,0.2,21.0
0.13857,461.9,0.3,21.0
0.18475999999999998,461.9,0.4,21.0
0.13857,461.9,0.3,21.0
0.13857,461.9,0.3,21.0
0.13857,461.9,0.3,21.0
0.13857,461.9,0.3,21.0
0.18475999999999998,461.9,0.4,21.0
0.18480000000000002,462.0,0.4,21.0
0.09240000000000001,462.0,0.2,21.0
0.1386,462.0,0.3,21.0
0.09240000000000001,462.0,0.2,21.0
0.1386,462.0,0.3,21.0
0.1386,462.0,0.3,21.0
0.09240000000000001,462.0,0.2,21.0
0.1386,462.0,0.3,21.0
0.1386,462.0,0.3,21.0
0.13863,462.1,0.3,21.0
0.13863,462.1,0.3,21.0
0.09242000000000002,462.1,0.2,21.0
0.09242000000000002,462.1,0.2,21.0
0.13863,462.1,0.3,21.0
0.18484000000000003,462.1,0.4,21.0
0.18480000000000002,462.0,0.4,21.0
0.231,462.0,0.5,21.0
0.13863,462.1,0.3,21.0
0.13863,462.1,0.3,21.0
0.13863,462.1,0.3,21.0
0.13863,462.1,0.3,21.0
0.13866,462.2,0.3,21.0
0.41570999999999997,461.9,0.9,21.0
0.231,462.0,0.5,21.0
0.27714,461.9,0.6,21.0
0.2772,462.0,0.6,21.0
0.18484000000000003,462.1,0.4,21.0
0.13866,462.2,0.3,21.0
0.18488,462.2,0.4,21.0
0.18488,462.2,0.4,21.0
0.09244,462.2,0.2,21.0
0.13866,462.2,0.3,21.0
0.13866,462.2,0.3,21.0
0.09244,462.2,0.2,21.0
0.09246000000000001,462.3,0.2,21.0
0.09246000000000001,462.3,0.2,21.0
0.13869,462.3,0.3,21.0
0.13869,462.3,0.3,21.0
0.09246000000000001,462.3,0.2,21.0
0.09246000000000001,462.3,0.2,21.0
0.13869,462.3,0.3,21.0
0.09246000000000001,462.3,0.2,21.0
0.13869,462.3,0.3,21.0
0.0,462.4,0.0,21.0
0.0,462.5,0.0,21.0
0.0,462.5,0.0,21.0
0.0,462.6,0.0,21.0
0.0,462.6,0.0,21.0
0.0,462.6,0.0,21.0
0.0,462.6,0.0,21.0
0.0,462.6,0.0,21.0
0.0,462.6,0.0,21.0
0.0,462.6,0.0,21.0
0.0,462.6,0.0,21.0
0.0,462.6,0.0,21.0
0.0,462.6,0.0,21.0
0.0,462.6,0.0,21.0
0.0,462.6,0.0,21.0
0.0,462.6,0.0,21.0
0.0,462.6,0.0,21.0
0.0,462.7,0.0,21.0
0.0,462.7,0.0,21.0
0.0,462.7,0.0,21.0
0.0,462.7,0.0,21.0
0.0,462.7,0.0,21.0
0.0,462.7,0.0,21.0
0.0,462.7,0.0,21.0
0.0,462.7,0.0,21.0
0.0,462.7,0.0,21.0
0.0,462.7,0.0,21.0
0.0,462.7,0.0,21.0
0.0,462.7,0.0,21.0
0.0,462.7,0.0,21.0
0.0,462.7,0.0,21.0
0.0,462.7,0.0,21.0
0.0,462.7,0.0,21.0
0.0,462.7,0.0,21.0
0.0,462.8,0.0,21.0
0.0,462.8,0.0,21.0
0.0,462.8,0.0,21.0
0.0,462.8,0.0,21.0
0.0,462.8,0.0,21.0
0.0,462.8,0.0,21.0
0.0,462.8,0.0,21.0
0.0,462.8,0.0,21.0
0.0,462.8,0.0,21.0
0.0,462.8,0.0,21.0
0.0,462.8,0.0,21.0
0.0,462.8,0.0,21.0
0.0,462.8,0.0,21.0
0.0,462.8,0.0,21.0
0.0,462.8,0.0,21.0
0.0,462.8,0.0,21.0
0.0,462.8,0.0,21.0
0.0,462.8,0.0,21.0
0.0,462.8,0.0,21.0
0.0,462.8,0.0,21.0
0.0,462.9,0.0,21.0
0.0,462.9,0.0,21.0
